{
  "next-env.d.ts": 1776636545.8576198,
  "next.config.ts": 1775319440.108595,
  "tailwind.config.ts": 1776636227.9135754,
  "vitest.config.ts": 1776374630.2462337,
  "new-designs\\atoms.jsx": 1776608806.0,
  "new-designs\\data.js": 1776608806.0,
  "new-designs\\hero-timing.jsx": 1776608806.0,
  "new-designs\\map-strategy.jsx": 1776608806.0,
  "new-designs\\phases.jsx": 1776608806.0,
  "new-designs\\factory\\factory-data.js": 1776962616.0,
  "new-designs\\paddock\\atoms.jsx": 1776780742.0,
  "new-designs\\paddock\\data.js": 1776780742.0,
  "new-designs\\paddock\\paddock-data.js": 1776780742.0,
  "scripts\\openf1\\circuit-map.ts": 1776578616.7173777,
  "scripts\\openf1\\client.ts": 1776579906.241788,
  "scripts\\openf1\\normalize.ts": 1776579992.8131955,
  "scripts\\openf1\\sync.ts": 1776608934.6200366,
  "scripts\\openf1\\types.ts": 1776579892.792105,
  "src\\app\\layout.tsx": 1777043150.3432417,
  "src\\app\\page.tsx": 1775918567.2532618,
  "src\\app\\calendar\\page.tsx": 1775393861.0233915,
  "src\\app\\calibrate\\page.tsx": 1775584044.8201954,
  "src\\app\\drivers\\page.tsx": 1777134252.6033602,
  "src\\app\\factory\\page.tsx": 1777217574.381724,
  "src\\app\\finance\\page.tsx": 1775393849.719164,
  "src\\app\\new-game\\page.tsx": 1775329805.20325,
  "src\\app\\paddock\\page.tsx": 1776793372.7807004,
  "src\\app\\regulations\\page.tsx": 1775393870.6983743,
  "src\\app\\strategy\\page.tsx": 1777198525.419761,
  "src\\components\\tire-roles.ts": 1776584549.1006424,
  "src\\components\\charts\\degradation-curve.tsx": 1776584584.2473948,
  "src\\components\\charts\\gap-chart.tsx": 1776636227.9055052,
  "src\\components\\charts\\radar-chart.tsx": 1775394103.3377335,
  "src\\components\\drivers\\contract-panel.tsx": 1775330018.4647706,
  "src\\components\\drivers\\driver-profile.tsx": 1775393337.4389057,
  "src\\components\\drivers\\mood-tracker.tsx": 1775330008.6471665,
  "src\\components\\drivers\\penalty-record-section.tsx": 1777134239.7866368,
  "src\\components\\drivers\\scout-panel.tsx": 1775330026.496834,
  "src\\components\\factory\\aero-allocation.tsx": 1775329977.9804378,
  "src\\components\\factory\\aero-card.tsx": 1777043262.1389081,
  "src\\components\\factory\\branch-header.tsx": 1777043330.2328937,
  "src\\components\\factory\\car-performance-card.tsx": 1777043214.703482,
  "src\\components\\factory\\component-status.tsx": 1775329973.2406452,
  "src\\components\\factory\\factory-header.tsx": 1777043169.8186877,
  "src\\components\\factory\\power-unit-card.tsx": 1777217574.382223,
  "src\\components\\factory\\rd-pipeline-header.tsx": 1777043281.5249758,
  "src\\components\\factory\\rd-queue.tsx": 1777043293.225085,
  "src\\components\\factory\\tech-node.tsx": 1777043322.6877606,
  "src\\components\\factory\\tech-tree.tsx": 1777043339.5265594,
  "src\\components\\finance\\budget-tracker.tsx": 1775368197.4752417,
  "src\\components\\finance\\prestige-meter.tsx": 1775368234.1214235,
  "src\\components\\finance\\sponsor-card.tsx": 1775368216.0861268,
  "src\\components\\layout\\contrast-provider.tsx": 1775384383.2757137,
  "src\\components\\layout\\nav-bar.tsx": 1776662088.1938744,
  "src\\components\\layout\\page-shell.tsx": 1776804579.7724934,
  "src\\components\\layout\\top-bar.tsx": 1776803754.708435,
  "src\\components\\new-game\\scenario-selector.tsx": 1775329783.096021,
  "src\\components\\new-game\\team-selector.tsx": 1775329774.2105627,
  "src\\components\\paddock\\constructor-form-card.tsx": 1776793239.320424,
  "src\\components\\paddock\\constructors-standings.tsx": 1776793275.6434143,
  "src\\components\\paddock\\department-panel.tsx": 1776793322.4893794,
  "src\\components\\paddock\\driver-card.tsx": 1776793262.5049217,
  "src\\components\\paddock\\driver-summary-card.tsx": 1775329865.1432953,
  "src\\components\\paddock\\feed-item.tsx": 1775329874.1433845,
  "src\\components\\paddock\\health-widget.tsx": 1775329855.7475717,
  "src\\components\\paddock\\next-race-card.tsx": 1776793219.4395888,
  "src\\components\\paddock\\paddock-feed.tsx": 1776793300.738339,
  "src\\components\\paddock\\recommendations-panel.tsx": 1776793313.3074982,
  "src\\components\\paddock\\team-hero-card.tsx": 1776793190.9465287,
  "src\\components\\paddock\\weekly-schedule.tsx": 1776793282.1459103,
  "src\\components\\post-race\\results-summary.tsx": 1775384193.6130662,
  "src\\components\\providers\\persistence-provider.tsx": 1775918536.71623,
  "src\\components\\season-end\\standings-summary.tsx": 1775384232.056387,
  "src\\components\\strategy\\battle-forecast.tsx": 1776636227.9060037,
  "src\\components\\strategy\\broadcast-chrome.tsx": 1776636227.9067175,
  "src\\components\\strategy\\circuit-map.tsx": 1776636227.907218,
  "src\\components\\strategy\\commentary-feed.tsx": 1776636227.907218,
  "src\\components\\strategy\\driver-commands.tsx": 1776748468.1995716,
  "src\\components\\strategy\\hero-strip.tsx": 1776636227.9083762,
  "src\\components\\strategy\\post-race-results.tsx": 1776636227.9090085,
  "src\\components\\strategy\\pre-race-setup.tsx": 1776636227.9095097,
  "src\\components\\strategy\\race-intel-panel.tsx": 1776636227.9095097,
  "src\\components\\strategy\\race-start-screen.tsx": 1776706636.2577846,
  "src\\components\\strategy\\race-status-bar.tsx": 1776636227.910009,
  "src\\components\\strategy\\race-ticker.tsx": 1776636227.910009,
  "src\\components\\strategy\\sim-speed-control.tsx": 1776636227.911019,
  "src\\components\\strategy\\stewards-card.tsx": 1777133653.083532,
  "src\\components\\strategy\\stewards-decisions-panel.tsx": 1777133967.255201,
  "src\\components\\strategy\\strategy-planner.tsx": 1776636227.91152,
  "src\\components\\strategy\\timing-tower.tsx": 1776636227.91152,
  "src\\components\\strategy\\tire-strategy.tsx": 1776636227.91152,
  "src\\components\\ui\\animated.tsx": 1775384262.9772477,
  "src\\components\\ui\\badge.tsx": 1775329600.1441884,
  "src\\components\\ui\\button.tsx": 1775329593.7502146,
  "src\\components\\ui\\card.tsx": 1775329595.9649754,
  "src\\components\\ui\\donut-chart.tsx": 1775329608.5077908,
  "src\\components\\ui\\progress-bar.tsx": 1775329603.6411371,
  "src\\components\\ui\\tooltip.tsx": 1775329613.8054478,
  "src\\data\\calendar.ts": 1776578594.1561873,
  "src\\data\\circuits.ts": 1776578458.5176528,
  "src\\data\\drivers.ts": 1777118227.3894713,
  "src\\data\\penalty-calibration.ts": 1777138259.185282,
  "src\\data\\regulations.ts": 1775383988.8767705,
  "src\\data\\rnd-tree.ts": 1775320759.631982,
  "src\\data\\scenarios.ts": 1775320738.9479215,
  "src\\data\\sponsors.ts": 1775320779.917861,
  "src\\data\\teams.ts": 1777217574.382223,
  "src\\data\\track-splines.ts": 1775828732.8394713,
  "src\\data\\calibration\\built-in-profiles.ts": 1776578662.9808226,
  "src\\data\\calibration\\index.ts": 1776579780.202782,
  "src\\data\\calibration\\sanitize.ts": 1776580288.1799476,
  "src\\data\\events\\templates.ts": 1775329360.6274817,
  "src\\engine\\ai\\ai-team-engine.ts": 1775329449.5375478,
  "src\\engine\\core\\orchestrator.ts": 1777217574.382723,
  "src\\engine\\core\\post-race-processor.ts": 1777217574.3832247,
  "src\\engine\\core\\prng.ts": 1775320488.0790937,
  "src\\engine\\core\\save-system.ts": 1777217574.3837242,
  "src\\engine\\core\\season-end-processor.ts": 1777217574.3842256,
  "src\\engine\\core\\state-manager.ts": 1777217574.384726,
  "src\\engine\\delegation\\department-ai.ts": 1776612969.3873146,
  "src\\engine\\delegation\\recommendation-helpers.ts": 1776612946.059679,
  "src\\engine\\drivers\\aging.ts": 1775321286.2364032,
  "src\\engine\\drivers\\contract-engine.ts": 1775321299.5374193,
  "src\\engine\\drivers\\driver-model.ts": 1775321277.505201,
  "src\\engine\\drivers\\driver-rating.ts": 1776792043.9614956,
  "src\\engine\\drivers\\form-history.ts": 1777198525.4232647,
  "src\\engine\\drivers\\mood-system.ts": 1775321263.531457,
  "src\\engine\\drivers\\penalty-points.ts": 1777118879.0946732,
  "src\\engine\\drivers\\pole-tracker.ts": 1776792115.1114984,