{
  "src\\app\\layout.tsx": 1775918561.6651568,
  "src\\app\\page.tsx": 1775918567.2532618,
  "src\\app\\calendar\\page.tsx": 1775393861.0233915,
  "src\\app\\calibrate\\page.tsx": 1775584044.8201954,
  "src\\app\\drivers\\page.tsx": 1775393827.8074343,
  "src\\app\\factory\\page.tsx": 1775855893.572958,
  "src\\app\\finance\\page.tsx": 1775393849.719164,
  "src\\app\\new-game\\page.tsx": 1775329805.20325,
  "src\\app\\paddock\\page.tsx": 1775855880.014335,
  "src\\app\\regulations\\page.tsx": 1775393870.6983743,
  "src\\app\\strategy\\page.tsx": 1775855917.0948226,
  "src\\components\\charts\\degradation-curve.tsx": 1775384332.2065058,
  "src\\components\\charts\\gap-chart.tsx": 1775329659.0921493,
  "src\\components\\charts\\radar-chart.tsx": 1775394103.3377335,
  "src\\components\\drivers\\contract-panel.tsx": 1775330018.4647706,
  "src\\components\\drivers\\driver-profile.tsx": 1775393337.4389057,
  "src\\components\\drivers\\mood-tracker.tsx": 1775330008.6471665,
  "src\\components\\drivers\\scout-panel.tsx": 1775330026.496834,
  "src\\components\\factory\\aero-allocation.tsx": 1775329977.9804378,
  "src\\components\\factory\\component-status.tsx": 1775329973.2406452,
  "src\\components\\factory\\tech-node.tsx": 1775329960.8172593,
  "src\\components\\factory\\tech-tree.tsx": 1775329965.9675765,
  "src\\components\\finance\\budget-tracker.tsx": 1775368197.4752417,
  "src\\components\\finance\\prestige-meter.tsx": 1775368234.1214235,
  "src\\components\\finance\\sponsor-card.tsx": 1775368216.0861268,
  "src\\components\\layout\\contrast-provider.tsx": 1775384383.2757137,
  "src\\components\\layout\\nav-bar.tsx": 1775384963.714359,
  "src\\components\\layout\\page-shell.tsx": 1775384411.4928665,
  "src\\components\\layout\\top-bar.tsx": 1775855850.5245364,
  "src\\components\\new-game\\scenario-selector.tsx": 1775329783.096021,
  "src\\components\\new-game\\team-selector.tsx": 1775329774.2105627,
  "src\\components\\paddock\\department-panel.tsx": 1775329884.4625487,
  "src\\components\\paddock\\driver-summary-card.tsx": 1775329865.1432953,
  "src\\components\\paddock\\feed-item.tsx": 1775329874.1433845,
  "src\\components\\paddock\\health-widget.tsx": 1775329855.7475717,
  "src\\components\\paddock\\paddock-feed.tsx": 1775329878.5781412,
  "src\\components\\post-race\\results-summary.tsx": 1775384193.6130662,
  "src\\components\\providers\\persistence-provider.tsx": 1775918536.71623,
  "src\\components\\season-end\\standings-summary.tsx": 1775384232.056387,
  "src\\components\\strategy\\battle-forecast.tsx": 1775367647.0435596,
  "src\\components\\strategy\\circuit-map.tsx": 1775660853.4518428,
  "src\\components\\strategy\\commentary-feed.tsx": 1775397371.0355642,
  "src\\components\\strategy\\driver-commands.tsx": 1775411010.759741,
  "src\\components\\strategy\\post-race-results.tsx": 1775367964.416392,
  "src\\components\\strategy\\pre-race-setup.tsx": 1775410461.5412247,
  "src\\components\\strategy\\race-status-bar.tsx": 1775384344.0468526,
  "src\\components\\strategy\\race-ticker.tsx": 1775398081.3451605,
  "src\\components\\strategy\\sim-speed-control.tsx": 1775367669.1480887,
  "src\\components\\strategy\\strategy-planner.tsx": 1775410437.7711978,
  "src\\components\\strategy\\timing-tower.tsx": 1775384308.381966,
  "src\\components\\strategy\\tire-strategy.tsx": 1775409108.730022,
  "src\\components\\ui\\animated.tsx": 1775384262.9772477,
  "src\\components\\ui\\badge.tsx": 1775329600.1441884,
  "src\\components\\ui\\button.tsx": 1775329593.7502146,
  "src\\components\\ui\\card.tsx": 1775329595.9649754,
  "src\\components\\ui\\donut-chart.tsx": 1775329608.5077908,
  "src\\components\\ui\\progress-bar.tsx": 1775329603.6411371,
  "src\\components\\ui\\tooltip.tsx": 1775329613.8054478,
  "src\\data\\calendar.ts": 1775320844.557133,
  "src\\data\\circuits.ts": 1775320730.0432742,
  "src\\data\\drivers.ts": 1775320704.334847,
  "src\\data\\regulations.ts": 1775383988.8767705,
  "src\\data\\rnd-tree.ts": 1775320759.631982,
  "src\\data\\scenarios.ts": 1775320738.9479215,
  "src\\data\\sponsors.ts": 1775320779.917861,
  "src\\data\\teams.ts": 1775320615.1170387,
  "src\\data\\track-splines.ts": 1775828732.8394713,
  "src\\data\\events\\templates.ts": 1775329360.6274817,
  "src\\engine\\ai\\ai-team-engine.ts": 1775329449.5375478,
  "src\\engine\\core\\orchestrator.ts": 1775859799.3211389,
  "src\\engine\\core\\post-race-processor.ts": 1775384098.6223052,
  "src\\engine\\core\\prng.ts": 1775320488.0790937,
  "src\\engine\\core\\save-system.ts": 1775320929.7478547,
  "src\\engine\\core\\season-end-processor.ts": 1775384122.074203,
  "src\\engine\\core\\state-manager.ts": 1775393389.8161888,
  "src\\engine\\delegation\\department-ai.ts": 1775329433.4994678,
  "src\\engine\\drivers\\aging.ts": 1775321286.2364032,
  "src\\engine\\drivers\\contract-engine.ts": 1775321299.5374193,
  "src\\engine\\drivers\\driver-model.ts": 1775321277.505201,
  "src\\engine\\drivers\\mood-system.ts": 1775321263.531457,
  "src\\engine\\engineering\\car-performance.ts": 1775321330.8942783,
  "src\\engine\\engineering\\component-lifecycle.ts": 1775321341.004784,
  "src\\engine\\engineering\\rnd-engine.ts": 1775321314.2427998,
  "src\\engine\\finance\\budget-engine.ts": 1775321399.2764163,
  "src\\engine\\finance\\prestige.ts": 1775321423.7505243,
  "src\\engine\\finance\\sponsor-engine.ts": 1775321417.2135289,
  "src\\engine\\narrative\\event-generator.ts": 1775329374.4582586,
  "src\\engine\\narrative\\story-arc-tracker.ts": 1775329411.197299,
  "src\\engine\\race\\overtake.ts": 1775321056.5066347,
  "src\\engine\\race\\pit-strategy.ts": 1775321075.101291,
  "src\\engine\\race\\race-simulator.ts": 1775411039.6464288,
  "src\\engine\\race\\tire-model.ts": 1775321206.368755,
  "src\\engine\\race\\weather.ts": 1775321175.4221585,
  "src\\engine\\regulations\\regulation-engine.ts": 1775384007.9923863,
  "src\\hooks\\use-race-simulation.ts": 1775660888.902464,
  "src\\hooks\\use-require-game.ts": 1775855827.2587786,
  "src\\hooks\\use-save-game.ts": 1775918532.5671604,
  "src\\stores\\game-store.ts": 1775918553.5817642,
  "src\\stores\\persistence-setup.ts": 1775918591.485141,
  "src\\stores\\settings-store.ts": 1775329517.081293,
  "src\\stores\\ui-store.ts": 1775329513.17275,
  "src\\types\\driver.ts": 1775379987.493857,
  "src\\types\\finance.ts": 1775320250.7167861,
  "src\\types\\game.ts": 1775320212.10626,
  "src\\types\\narrative.ts": 1775320254.56495,
  "src\\types\\race.ts": 1775320416.761996,
  "src\\types\\team.ts": 1775320222.928965,
  "src\\utils\\openf1-track-mapper.ts": 1775415491.8909278,
  "src\\workers\\race-sim-worker.ts": 1775329537.8694284
}